name,lat,lon,count
Uyo,5.00799605550,7.84999852368,6
Shah Alam,3.06669599645,101.54999767200,87
Dahuk,36.86670012730,43.00000262540,26
Taoyuan,24.98888888889,121.31111111111,90
Glendale,33.58194114080,-112.19582381400,23
Mesa,33.42391461080,-111.73608443400,2
Berkeley,37.87390138660,-122.27115197900,81
San Mateo,37.55691815090,-122.31306156600,31
Aurora,39.69585735990,-104.80849695000,75
Kansas City,39.11358051690,-94.63014637710,62
Pasadena,29.66086264950,-95.14774296240,34
Grand Prairie,32.68476076150,-97.02023848650,18
Cabimas,10.42999513650,-71.44999048020,50
Stamford,41.05334555980,-73.53919112310,93
Springfield,42.12002463690,-72.57999902510,53
Miami Beach,25.80991953390,-80.13178110520,15
Joliet,41.52998313300,-88.10667403330,34
Allentown,40.59998821930,-75.50002750820,94
Puerto la Cruz,10.16995932920,-64.68001611500,49
Al Ladhiqiyah,35.53998699850,35.77997595090,30
Duma,33.58333640440,36.39998978550,87
Mykolayiv,46.96773907380,31.98434199900,19
Kryvyy Rih,47.92832643540,33.34498246130,47
Sharjah,25.37138287250,55.40647822960,6
Sunderland,54.92001853340,-1.38002974589,61
Bristol,51.44999778150,-2.58331547180,53
Bournemouth,50.72999005030,-1.90004968404,52
Icel,36.79998760890,34.61999507520,92
Cheongju,36.64389894520,127.50119909600,16
Ansan,37.34806784980,126.85953283600,25
Masan,35.21910219220,128.58356197000,31
Southend,51.55001751620,0.71999710959,21
Leicester,52.62997743640,-1.13324894348,11
Bradford,53.80003521640,-1.74998132466,56
Sheffield,53.36667665520,-1.49999658345,10
San Lorenzo,-25.34001788450,-57.52003971520,33
Braga,41.55499452620,-8.42133121890,57
At Taif,21.26222800600,40.38227901080,90
Al Hillah,23.48945639950,46.75636022830,63
Sialkote,32.52001629540,74.56003780000,31
Abbottabad,34.14950339660,73.19950069060,50
Naberezhnyye Chelny,55.69999676420,52.31994828170,96
Reynosa,26.07999595030,-98.30003117040,48
Tlaxcala,19.31999513650,-98.23000960470,99
Nezahualcoyotl,19.41001548150,-99.02998661480,88
Xalapa,19.52998231910,-96.91998620790,100
Bytom,50.35003908190,18.90999792350,13
Sunchon,39.42360007630,125.93896887100,20
Irbid,32.54998862610,35.84999751660,93
Az Zarqa,32.06999208480,36.10000809610,61
Linxia,35.60000917460,103.20004675200,49
Zuozhou,39.54005291650,115.78997595100,79
Chaozhou,23.68003908180,116.63002803500,79
Spanish Town,17.98333253880,-76.94999068370,96
Soledad,10.92001690570,-74.76999454920,84
Dortmund,51.52996706040,7.45002559269,39
Duisburg,51.42997316400,6.75001664087,48
Wuppertal,51.25000998850,7.16999100610,34
Essen,51.44999778150,7.01661535506,30
Heidelberg,49.41999249180,8.69997513697,62
Yangquan,37.86997397770,113.57000809600,58
Shiyan,32.57003908190,110.77999751700,60
Shashi,30.32002138160,112.22998653100,82
Hengshui,37.71998313300,115.70000728300,68
Xuanhua,40.59440716460,115.02433793000,15
Luohe,33.57000388490,114.02998002000,91
Zhucheng,35.98995953270,119.38009273200,100
Xinyi,34.38000612290,118.35002640700,71
Yangzhou,32.39999778140,119.43001216500,79
Okayama,34.67202964180,133.91708654700,62
Yanji,42.88230368960,129.51275589900,1
Tokushima,34.06738954570,134.55249995800,29
Otsu,35.00640199690,135.86740677800,57
Kawasaki,35.52998760890,139.70500199300,48
Utsunomiya,36.54997702950,139.87000484100,26
Hachioji,35.65770591130,139.32605871500,44
Hisar,29.16998821920,75.72503128960,47
Kalyan,19.25023195290,73.16017492560,38
Vina del Mar,-33.02998777390,-71.53998498710,63
Piraievs,37.95002077130,23.69998978550,39
Orumiyeh,37.52999472970,44.99998164750,98
Ajmer,26.44999920550,74.63998124070,11
Canoas,-29.91999672570,-51.17998742840,17
Sao Jose dos Pinhais,-25.57002968470,-49.18000614580,75
Nova Iguacu,-22.74002154660,-43.46996708330,6
Duque de Caxias,-22.76999387740,-43.30997684890,100
Niteroi,-22.90001178100,-43.09998966630,13
Oshawa,43.87999472970,-78.84997806980,53
Kitchener,43.44999513660,-80.50000655280,33
Santo Andre,-23.65283404660,-46.52781661130,42
Jundiai,-23.19999347050,-46.87999149740,14
Sao Jose dos Campos,-23.19999347050,-45.87994917970,90
Americana,-22.74994342160,-47.32998986980,1
Jaboatao,-8.11001015334,-35.02004358070,95
Olinda,-7.99999102899,-34.84995060380,57
Gent,51.02999757800,3.70002193057,15
Liege,50.62999615390,5.58001053734,85
Zhongli,24.96502524720,121.21677648800,55
Keelung,25.13325787250,121.73328242900,85
Everett,47.96041749990,-122.19996769400,63
Stockton,37.95813397120,-121.28973901600,16
Oceanside,33.22046449690,-117.33496749000,86
Irvine,33.68041058250,-117.82995019700,91
New Haven,41.33038291330,-72.90000533210,72
Lowell,42.63368837390,-71.31669112310,33
Fort Lauderdale,26.13606487940,-80.14178552420,16
Gary,41.58039349270,-87.33000309420,14
Covington,39.08400840150,-84.50859908220,79
Akron,41.07039878240,-81.51999597340,53
Barcelona,10.13037518200,-64.72001367350,76
Grand Rapids,42.96371990870,-85.66994938330,18
Malaga,36.72040590320,-4.41999922832,50
Hamah,35.15034669910,36.72999548210,87
Luhansk,48.56976015130,39.33438431680,34
Al Ayn,24.23047060040,55.73999792360,24
Shahrisabz,39.06178753570,66.83146561570,92
Middlesbrough,54.58037518220,-1.23001306294,33
Kocaeli,40.77602398590,29.93061722690,36
Malatya,38.37043438620,38.30002884800,43
Tarsus,36.92039369610,34.87997920610,64
Erzurum,39.92039145820,41.29002722040,78
Diyarbakir,37.92043601380,40.23004024130,56
Jeju,33.51013673810,126.52193070400,53
Brighton,50.83034568190,-0.16997440734,78
Portsmouth,50.80034751290,-1.08002221822,50
Nottingham,52.97034425770,-1.17001672505,9
Mbale,1.09041017548,34.16999670280,92
Moshi,-3.33960365918,37.33998408890,34
Basel,47.58038901680,7.59001704777,63
Utrecht,52.10034568190,5.12003861351,76
Ad Damman,26.42819175110,50.09967036830,96
Sargodha,32.08536582340,72.67498490280,78
Bannu,32.98897991840,70.59857417690,61
Butterworth,5.41707114555,100.40001094500,86
Kenitra,34.27040041000,-6.57999658347,49
Meknes,33.90042299300,-5.55998132468,93
Matola,-25.96959185910,32.46002355830,101
Tolyatti,53.48039064440,49.53004105510,63
Jeonju,35.83141623840,127.14039424600,71
Quezon City,14.65043519990,121.02996618600,52
Pasay City,14.55044130350,120.99999385500,38
Iligan,8.17124411919,124.21535314800,88
Mazatlan,29.01710349430,-110.13333988600,1
Morelia,19.73338075660,-101.18949304400,24
Toluca,19.33038209940,-99.66999922870,21
Aba,5.10039796846,7.34998001977,25
Calabar,4.96040651338,8.33002355819,15
Abeokuta,7.16042726534,3.35001745465,52
Akure,7.25039593396,5.19998205427,60
Ikare,7.53043052055,5.75999955102,57
Ado Ekiti,7.63037274061,5.21998083357,16
Ife,7.48043357231,4.56002111677,37
Oshogbo,7.77036419569,4.56002111677,13
Oyo,7.85043682752,3.92998205427,68
Awka,6.21043357231,7.06999710962,13
Katsina,12.99040732720,7.59999059920,62
Wroclaw,51.11043194490,17.03000931670,76
Szczecin,53.42039430650,14.53000687530,4
Poznan,52.40575339670,16.89993973660,95
Katowice,50.26038047190,19.02001704780,38
Gliwice,50.33037619940,18.67001257190,79
Hungnam,39.82313641260,127.62315547600,90
Binjai,3.62035910941,98.50007523500,15
Bukittinggi,-0.30314817414,100.36146032600,39
Mataram,-8.57954221714,116.13501949000,74
Bologna,44.50042197580,11.34002070990,64
Salerno,40.68039674790,14.76994055040,31
Bari,41.11422039700,16.87275793320,74
Beihai,21.48040590310,109.10004838000,26
Hechi,23.09653464660,109.60911291400,1
Changping,40.22476564440,116.19439571000,25
Zhangzhou,24.52037538550,117.67001623400,63
Tongling,30.95044801740,117.78003535900,88
Maanshan,31.73040041000,118.48004431100,25
Yangjiang,21.85040915830,111.97000240000,86
Meizhou,24.30049216610,116.11998164800,8
Qingyuan,23.70039959610,113.03009273200,49
Zhaoqing,23.05041343080,112.45002477900,100
Jiangmen,22.58039044090,113.08001216500,59
Maoming,21.92040488580,110.87001786200,8
Cilacap,-7.71881956089,109.01540238300,56
Bekasi,-6.21725746778,106.97232295600,74
Tanjungkarang-Telubketung,-5.44960406609,105.30002193100,44
Pasuruan,-7.62957436232,112.90002315200,68
Pereira,4.81038983044,-75.67999068370,41
Tanta,30.79043194480,31.00000931670,56
Ismailia,30.59034079900,32.25998408890,28
El Mansura,31.05044191390,31.38003779980,15
Damanhur,31.05044191390,30.47001582720,59
Beni Suef,29.08038128560,31.09002966180,22
Sohag,26.55040651350,31.70001826860,52
Bonn,50.72045574860,7.08002233748,37
Dusseldorf,51.22037355460,6.77998897159,10
Mannheim,49.50037518220,8.47001501327,67
Wiesbaden,50.08039145820,8.25002844100,76
Hannover,52.36697023430,9.71665726588,84
Saarbrucken,49.25039044100,6.97000321313,30
Leipzig,51.33540529290,12.40998124050,6
Ostrava,49.83035504060,18.24998653020,56
Shuozhou,39.30037762350,112.42000077200,54
Jincheng,35.50037701320,112.83000158600,6
Changzhi,36.18387534490,113.10528194100,80
Xiangtan,27.85043052060,112.90002315200,16
Zigong,29.40000001930,104.78000199300,93
Zhanyi,25.60046449690,103.81664994200,5
Chengde,40.96037965810,117.93000036500,1
Cangzhou,38.32038576160,116.87001338600,100
Baoding,38.87042970690,115.48002071000,53
Xiangtai,37.04997235010,114.50002884800,100
Puyang,35.70039064440,114.97999955100,58
Xuchang,34.02038983060,113.82001867600,60
Chaoyang,41.55042116200,120.41997757900,55
Rizhao,35.43038128560,119.45001094500,30
Jian,27.13042278950,114.99999833100,2
Shangrao,28.47039267880,117.96999792400,22
Jingdezhen,29.27042136540,117.18002030300,70
Taizhou,32.49040569970,119.90000931700,57
Shuyang,34.12986635240,118.77335974000,49
Lianyungang,34.60043194480,119.17002803500,84
Jiaojing,28.68040569970,121.44999222700,15
Kitakyushu,33.87039898580,130.82001460700,70
Kumamoto,32.80092938130,130.70064204800,35
Oita,33.24322796530,131.59789994200,51
Shuangyashan,46.67041872060,131.35000809600,79
Khomeini Shahr,32.70041872050,51.46997432330,1
Gifu,35.42309490870,136.76275264400,26
Tsu,34.71706565250,136.51666947300,62
Shizuoka,34.98583477680,138.38539261800,30
Hamamatsu,34.71807334290,137.73271927800,31
Wakayama,34.22311647440,135.16770788500,17
Raurkela,22.23041180320,84.82995357150,83
Shimoga,13.93037579240,75.56002844130,36
Sangli,16.86040366510,74.57502396540,96
Malegaon,20.56035870260,74.52500117890,98
Nantes,47.21038576160,-1.59001692850,29
Rouen,49.43040529290,1.07997513694,100
Metz,49.12034669910,6.18002559269,99
Haifa,32.82041139630,34.98002477900,28
Karbala,32.61492006330,44.02448563520,52
Karaj,35.80035870260,50.97000484090,98
An Nasiriyah,31.04294883120,46.26755285520,84
Arak,34.08041200670,49.70000484090,11
As Sulaymaniyah,35.56127768860,45.43085974000,52
Bikaner,28.03039369610,73.32993200570,14
Jhansi,25.45295412090,78.55746821990,12
Bareilly,28.34538738910,79.41999955130,72
Dehra Dun,30.32040895490,78.05000565480,82
Haora,22.58039044090,88.32994665420,68
Bhatpara,22.85042563780,88.52001257220,20
Siliguri,26.72042197570,88.45500362040,65
Bilaspur,22.09042034810,82.15998734430,82
Ujjain,23.19040488590,75.79004024140,89
Tirunelveli,8.73040895480,77.68997595100,100
Tiruppur,11.08042055150,77.32999792370,33
Bhavnagar,21.77842388810,72.12995357150,68
Al Hillah,32.47213808090,44.42172237020,100
Ipatinga,-19.47960040400,-42.51999922850,58
Novo Hamburgo,-29.70962196980,-51.13998986980,29
Foz do Iguacu,-25.52346921920,-54.52998966630,28
Volta Redonda,-22.51956988650,-44.09496769360,88
La Plata,-34.90961464560,-57.95996118330,45
Taubate,-23.01953936890,-45.55999454910,10
Jalalabad,34.44152691550,70.43610347380,23
Chlef,36.17041363430,1.31996048850,40
Blida,36.42034669910,2.82999751650,8
Cranbourne,-38.09960081100,145.28336950600,51
Mawlamyine,16.50042563780,97.67004837950,39
Puch'on,37.49888890000,126.78305560000,5
Songnam,37.43861110000,127.13777780000,78
Goyang,37.65273586270,126.83724852000,90
Changhua,24.07340008440,120.51340856800,2
Chiayi,23.47545208640,120.43506709700,61
Hsinchu,24.81679140120,120.97673946000,100
Pingtung,22.68170208640,120.48167923900,53
Tacoma,47.21131593740,-122.51501306300,74
Long Beach,33.78696738590,-118.15804386600,11
Wichita,37.71998313300,-97.32998702170,24
Barquisimeto,10.04999249160,-69.29996667650,55
Hartford,41.77002016100,-72.67996708340,78
Providence,41.82110231430,-71.41497969730,44
Birmingham,33.53000632630,-86.82499515960,19
St. Petersburg,27.77053875630,-82.67938257010,59
Dayton,39.75037599590,-84.19998742850,32
Virginia Beach,36.85321433410,-75.97831872730,18
Maturin,9.74995912571,-63.17003076340,91
Zaporizhzhya,47.85729717920,35.17680863320,99
Fargona,40.38997519840,71.78000077200,17
Namangan,41.00001548160,71.66998164760,48
Khujand,40.28998130190,69.61992590220,26
Thai Nguyen,21.59995932920,105.83001542100,45
Vinh,18.69998130180,105.67999873800,35
San Pedro Sula,15.50002158500,-88.02998620780,70
Murcia,37.97999310210,-1.12996749003,54
Edinburgh,55.94832785960,-3.21909061829,57
Newcastle,55.00037538570,-1.59999047994,9
Liverpool,53.41600180980,-2.91799788554,61
Cardiff,51.49999472970,-3.22500756979,7
Trabzon,40.97999086410,39.71999385450,47
Suwon,37.25778912260,127.01089310600,65
Leeds,53.83000754710,-1.58001753886,84
Sanliurfa,37.16999086410,38.79498571650,36
Chiclayo,-6.76290891635,-79.83658451510,66
Callao,-12.07002683630,-77.13496647310,44
Porto,41.15000632640,-8.62000126284,35
Rotterdam,51.91996909500,4.47997432315,18
Al Hufuf,25.34874859520,49.58559321980,17
Faisalabad,31.40998069150,73.10999710990,45
Rawalpindi,33.59997621560,73.04002722060,41
Bahawalpur,29.38997479150,71.67499426160,71
Sukkur,27.71356548970,68.84855179740,22
Saidu,34.75003521630,72.34999182020,84
Johor Bahru,1.48002463674,103.73004024200,89
Kelang,3.02036989228,101.55001826900,81
Benoni,-26.14958087280,28.32993973670,15
Vereeniging,-26.64960203170,27.95998815790,6
Kursk,51.73998008130,36.19002844110,71
Tula,54.19995912590,37.62994055050,13
Cheboksary,56.12997051910,47.25002518590,22
Makhachkala,42.98002382310,47.49998408890,18
Pohang,36.02086203920,129.37152421000,38
Ulsan,35.54673077290,129.31695389700,66
Daegu,35.86678875630,128.60697139400,51
Saltillo,25.41995871890,-101.00498234200,7
Ciudad Juarez,31.69037701320,-106.49004805700,19
Durango,24.03110292460,-104.67002995000,8
Aguascalientes,21.87945992410,-102.29041346900,15
Villahermosa,17.99997235000,-92.89997318700,78
Cuernavaca,18.92110475560,-99.23999963560,14
Queretaro,20.63001853330,-100.37998173200,62
Nampo,38.76692078180,125.45243384500,43
Chongjin,41.78461875310,129.78999995800,97
Hamhung,39.91005617170,127.54543412200,97
Turin,45.07038718570,7.66996048853,8
Liuzhou,24.28000246070,109.25001338600,40
Xingyi,25.09041811010,104.89002111700,31
Anshun,26.25039898580,105.93000931700,25
Zunyi,27.70002626450,106.92002640700,56
Wanxian,30.81999086410,108.40003942800,75
Huaibei,33.95036826480,116.75002071000,65
Wuhu,31.35042360330,118.36997351000,25
Luan,31.75034751280,116.48001135200,96
Bengbu,32.94999005030,117.33003698600,48
Anqing,30.49995871890,117.05000240000,13
Foshan,23.03005291640,113.12000972400,76
Denpasar,-8.65002887079,115.21998490300,63
Bello,6.32998699841,-75.56999739760,19
Bucaramanga,7.13009319959,-73.12588301770,46
Ibague,4.43891379691,-75.23221439790,75
Santa Marta,11.24720623670,-74.20165714690,40
Cucuta,7.92001914360,-72.51997684900,62
El Giza,30.00998862610,31.19002355830,12
Stuttgart,48.77997987780,9.19999629582,5
Bremen,53.08000164700,8.80002070988,13
Nurnberg,49.44999066070,11.07998490260,19
Shihezi,44.29996909490,86.02993200580,23
Haikou,20.05000225730,110.32002559300,19
Baoji,34.38000612290,107.14998653100,33
Linfen,36.08034161280,111.52000402700,100
Yuci,37.68039898580,112.73000768900,32
Datong,40.08001995750,113.29999873800,94
Jianmen,30.65005291650,113.16000728300,42
Yichang,30.69997235010,111.28001867600,29
Xiantao,30.37040590310,113.44004186900,90
Huangshi,30.22000164690,115.09999222700,48
Zhuzhou,27.82999249170,113.15003373100,68
Yongzhou,26.23037436830,111.61999792400,20
Yiyang,28.60041058250,112.33003210400,72
Changde,29.02999676410,111.68004593800,22
Leshan,29.56709576320,103.73334753300,94
Panzhihua,26.54999310200,101.73000728300,36
Guangyuan,32.42999595030,105.87001297900,47
Luzhou,28.87998008120,105.38001704800,89
Yibin,28.76998679510,104.57004064800,83
Zhaotang,27.32038535460,103.72001501400,59
Qinhuangdao,39.93036500960,119.62002640700,64
Langfang,39.52036419580,116.67999914500,45
Zhangjiakou,40.83000001940,114.92997676500,77
Tangshan,39.62433717760,118.19437699300,8
Anyang,36.07997987780,114.35001216500,19
Jiaozuo,35.25000469870,113.22000362000,15
Kaifeng,34.85000327460,114.35001216500,70
Shangqiu,34.45041526190,115.65003617300,30
Pingdingshan,33.73040753080,113.29999873800,19
Xinyang,32.13037599590,114.06997757900,81
Xinxiang,35.32043967590,113.86998978600,48
Luoyang,34.67998781230,112.47007523500,41
Liaoyang,41.27999839180,123.18001582800,100
Dandong,40.14360780750,124.39358516300,80
Yingkow,40.67034568180,122.28001908300,40
Jinzhou,41.12036989240,121.10003942800,31
Fuxin,42.01047060040,121.66000524800,73
Benxi,41.33038291330,123.75000687600,80
Fushun,41.86538901680,123.86999955100,59
Jining,35.40040895490,116.55003291700,61
Weifang,36.72040590320,119.10010982200,28
Taian,36.19999839180,117.12007564200,25
Heze,35.22998008120,115.45004838000,80
Xinyu,27.80002016090,114.92997676500,98
Ganzhou,25.91997987770,114.95002722100,47
Jiujiang,29.72997987770,115.98004186900,73
Changzhou,31.77998394680,119.96997920600,33
Zhenjiang,32.21998292950,119.43001216500,92
Nantong,32.03038209940,120.82501745500,60
Jiaxing,30.77040732730,120.74998327500,16
Huzhou,30.87037538560,120.09999711000,50
Shaoxing,30.00037680970,120.57004593800,23
Jinhua,29.12004294740,119.64999873800,60
Liaoyuan,42.89997702950,125.12997432400,26
Siping,43.17001222640,124.33002315200,31
Kagoshima,31.58596478170,130.56106400500,77
Matsuyama,33.84554262190,132.76583898800,40
Qitaihe,45.79998089510,130.85003861400,99
Yichun,47.69994244290,128.89997676500,7
Hegang,47.40001242990,130.37001623400,59
Mudangiang,44.57501690580,129.59001216500,80
Kanazawa,36.56000225730,136.64002111700,53
Kobe,34.67998781230,135.16998164800,98
Yokohama,35.32002626450,139.58004838000,79
Niigata,37.91999676420,139.04002966200,32
Warangal,18.00999757790,79.57998978570,37
Bhiwandi,19.35001914360,73.12999588920,9
Chandrapur,19.96998130190,79.30000687550,4
Amravati,20.94997316380,77.77002274470,16
Dhule,20.89997621560,74.76999914440,67
Nice,43.71501771960,7.26502396509,64
Toulouse,43.61995892240,1.44992671571,43
Lille,50.64996909490,3.08000809593,91
Strasbourg,48.57996624660,7.75000728215,43
Irbil,36.17904359850,44.00862097040,40
Kerman,30.29999676410,57.08001948940,37
Udaipur,24.59998292950,73.73001094450,14
Gorakhpur,26.75039430640,83.38001623430,73
Gaya,24.79997072240,85.00002071020,28
Bakersfield,35.36997153630,-119.01998091800,74
Oakland,37.76892071440,-122.22110335500,87
West Palm Beach,26.74501995750,-80.12362125820,77
Sarasota,27.33612082830,-82.53078698900,96
Charleston,32.79237693180,-79.99210473810,46
Louisville,38.22501690580,-85.74870426610,2
Charlotte,35.20499452620,-80.83003808770,26
Toledo,41.67002626450,-83.57997359390,23
Columbus,39.97997438460,-82.99000960460,42
Albany,42.67001690580,-73.81994917980,24
Harrisburg,40.27359987290,-76.88474918790,28
Maracay,10.24687969860,-67.59580713060,99
Sfax,34.75003521630,10.72000687530,3
Al Hudaydah,14.79794557590,42.95297481160,80
Mariupol,47.09618084620,37.55619828160,96
Nha Trang,12.25003908180,109.17001826900,81
Qui Nhon,13.77997153620,109.18004349700,11
Hue,16.46998821920,107.58003780000,32
Bien Hoa,10.97001385390,106.83005773800,89
Can Tho,10.04999249160,105.77001908300,14
Juiz de Fora,-21.77000323610,-43.37498580070,48
Joinville,-26.31995807010,-48.83994938310,54
Vitoria,-20.32399330770,-40.36599633950,77
Joao Pessoa,-7.10113512954,-34.87607116640,90
Campina Grande,-7.23001218784,-35.88001692860,44
Hamilton,43.24998150540,-79.82999577000,19
Cochabamba,-17.41001096720,-66.16997684900,29
San Luis,-33.29999713260,-66.35001753910,80
Antwerpen,51.22037355460,4.41501704776,32
Eskisehir,39.79499859520,30.52996048860,101
Antalya,36.88998211570,30.69997595090,7
Kayseri,38.73495993960,35.49001948930,5
Homyel,52.43001548170,31.00000931670,87
Gaziantep,37.07498374330,37.38499426140,83
Hims,34.72995892240,36.72002193070,100
Pietermaritzburg,-29.61004148480,30.39002071000,32
Tangier,35.74728700670,-5.83270369610,85
Agadir,30.43998821920,-9.62004358055,25
Ivanovo,57.01002016110,41.00999263380,54
Lipetsk,52.62000388500,39.63999873740,25
Izhevsk,56.85002992670,53.23002193080,48
Bacolod,10.63168825170,122.98168168000,81
Naga,13.61915447890,123.18135941500,23
Batangas,13.78167685850,121.02169795600,50
Cagayan de Oro,8.45083945610,124.68529862400,60
Ilorin,8.49001019178,4.54999588890,19
Zaria,11.07998130180,7.71000972355,29
Jos,9.92997397760,8.89004105494,71
Lodz,51.77499086420,19.45136022820,50
Zaragoza,41.65000164700,-0.88998213846,17
Goteborg,57.75000083330,12.00003210310,84
Pekanbaru,0.56496421193,101.42501297900,97
Manado,1.48002463674,124.84999141300,70
Yogyakarta,-7.77995278029,110.37500931700,60
Palu,-0.90703896190,119.83303666100,86
Genoa,44.40998821930,8.93003861353,13
Ipoh,4.59998923636,101.06498327500,78
Kota Baharu,6.11997397758,102.22997676500,14
Malacca,2.20641440725,102.24646154700,92
Xuanzhou,30.95250000000,118.75527780000,9
Zhuhai,22.27694440000,113.56777780000,13
Samarinda,-0.50003538117,117.14999629600,98
Kota Kinabalu,5.97998252250,116.11000809600,12
Bogor,-6.57000079461,106.75001094500,100
Bengkulu,-3.80004067090,102.26997432400,81
Pontianak,-0.02998655304,109.31998327500,11
Lingyuan,41.24000000000,119.40111110000,31
El Minya,28.09000246070,30.74999873730,65
Cologne,50.93000368150,6.95000443383,35
Xianyang,34.34555560000,108.71472220000,84
Xiangfan,32.01999513650,112.13004431100,89
Suining,30.53333330000,105.53333330000,82
Weihai,37.49997072250,122.09997839300,64
Yichun,27.83333330000,114.40000000000,11
Yancheng,33.38555560000,120.12527780000,31
Fuyang,30.05333330000,119.95194440000,23
Bukavu,-2.50999021516,28.84003779980,29
Likasi,-10.97004229850,26.78000850290,59
Jambi,-1.58999469107,103.61004756600,93
Kumasi,6.68999086398,-1.63001448710,78
Nellore,14.43998292940,79.98993892310,75
Kurnool,15.83000144340,78.03000687550,75
Guntur,16.32999676410,80.45001419980,74
Davangere,14.47000693660,75.92000646860,44
Bellary,15.15004294730,76.91503617240,34
Belgaum,15.86501222630,74.50500239960,58
Trablous,34.42000368150,35.86999629590,56
Nazret,8.54998069146,39.26999548210,11
Ardabil,38.25000246080,48.30003861370,71
Qom,34.65001548160,50.95000606160,48
Qazvin,36.27001995750,49.99998653040,18
Kermanshah,34.38000612290,47.06001094440,83
Rasht,37.29998292950,49.62998327520,45
Zahedan,29.49999391580,60.83002315150,30
Tuticorin,8.81999005018,78.13000077200,82
Natal,-6.98382566440,-60.26994938320,25
Londrina,-23.30003904340,-51.17998742840,40
Aracaju,-10.90002073280,-37.11996708330,12
Vila Velha,3.21666282034,-51.21665185710,89
Santos,-23.95372393350,-46.33294265650,74
Arak,25.27999310200,3.74999304059,95
Macau,22.20299745580,113.54504838000,76
New Taipei,25.01277777778,121.46500000000,54
Tainan,23.00000307110,120.20004268300,58
San Bernardino,34.12038372700,-117.30003422200,86
Bridgeport,41.17997865710,-73.19996118330,84
Rochester,43.17042563790,-77.61994979010,80
Manchester,53.50041526190,-2.24798710266,14
Gujranwala,32.16042584130,74.18502193080,42
Incheon,37.47614788720,126.64223343800,71
Benin City,6.34047731417,5.62000809594,91
Xiamen,24.44999208470,118.08001704800,16
Nanchong,30.78043255520,106.12999711000,45
Neijiang,29.58037660630,105.05001135200,63
Nanyang,33.00040041000,112.53001989600,59
Jinxi,40.75034079900,120.82997839300,78
Yantai,37.53040814110,121.40002111700,21
Zaozhuang,34.88000144350,117.57002233800,14
Suzhou,31.30047833150,120.62001704800,88
Xuzhou,34.28001222640,117.18002030300,91
Wuxi,31.57999615380,120.29998490300,61
Jilin,43.84997072250,126.55004268300,5
Chandigarh,30.71999696760,76.78000565480,73
Jammu,32.71178753560,74.84673864630,5
Sholapur,17.67040590310,75.90000768930,34
Aurangabad,19.89569643040,75.32030147190,54
Nasik,20.00041872050,73.77998205450,29
Jullundur,31.33492067360,75.56902014050,72
Allahabad,25.45499534000,81.84000687550,65
Moradabad,28.84179119770,78.75678421930,16
Ghaziabad,28.66038108220,77.40839107150,45
Agra,27.17042034810,78.01502071020,59
Aligarh,27.89221091610,78.06178788140,92
Meerut,29.00041200660,77.70000117890,99
Dhanbad,23.80039349260,86.41998571670,16
Gwalior,26.22998679500,78.18007523490,77
Vadodara,22.31001934710,73.18001867560,81
Rajkot,22.31001934710,70.80000891000,95
St. Paul,44.94398663240,-93.08497481460,90
Vancouver,45.63030132960,-122.63999251500,22
Tucson,32.20499676410,-110.88998620800,65
Fresno,36.74771689760,-119.77298405100,80
Colorado Springs,38.86296246240,-104.79198633000,37
Albuquerque,35.10497479150,-106.64133081200,9
Kansas City,39.10708850980,-94.60409421890,43
Tulsa,36.12000327460,-95.93002079440,95
Baton Rouge,30.45794577940,-91.14015812350,87
Ft. Worth,32.73997702940,-97.34003808770,62
Austin,30.26694968570,-97.74277836280,8
El Paso,31.77998394680,-106.50999516000,74
Laredo,27.50613629050,-99.50721846700,52
Orlando,28.50997682600,-81.38003035660,68
Jacksonville,30.33002077130,-81.66998681810,78
Indianapolis,39.74998842270,-86.17004805680,24
Knoxville,35.97001242980,-83.92003035660,72
Richmond,37.55001934720,-77.44998600430,10
Baltimore,39.29999005030,-76.61998498710,77
Syracuse,43.04999371240,-76.15001367360,99
Taizz,13.60445253390,44.03942012410,82
Lvov,49.83498008130,24.02999548210,41
Odessa,46.49001629540,30.71000117870,15
Dnipropetrovsk,48.47997235010,35.00002355830,26
Donetsk,48.00000164700,37.82998001990,99
Kharkiv,49.99998292960,36.25002477900,6
Andijon,40.79000246080,72.33996659230,23
Haiphong,20.83000632630,106.68009273200,14
Da Nang,16.06003908180,108.24997106800,82
Kitwe,-12.81003334670,28.22002396520,4
Douala,4.06040976859,9.70999100611,7
Birmingham,52.47497397780,-1.91999678690,71
Belfast,54.60001222650,-5.96003442527,25
Izmir,38.43614968230,27.15179401050,71
Bursa,40.19998679510,29.06999792350,51
Samsun,41.27999839180,36.34366247430,61
Konya,37.87501242990,32.47500972370,79
Adana,36.99498862610,35.32000402700,92
Kigali,-1.95359006868,30.06053177770,55
Arequipa,-16.41999387730,-71.53001143560,65
Iquitos,-3.75001788444,-73.25000980800,54
Huancayo,-12.08000038770,-75.20001998060,62
Bilbao,43.24998150540,-2.92998681783,38
Medina,24.49998903300,39.58000239950,5
Tabuk,28.38383465480,36.55496740600,29
Omdurman,15.61668113090,32.48002233760,14
The Hague,52.08003684400,4.26996130231,27
Bratislava,48.15001833000,17.11698075220,99
Doha,25.28655600890,51.53296789430,24
Quetta,30.22000164690,67.02499385460,3
Welkom,-27.96998655320,26.72998571650,98
Oujda,34.69001304020,-1.90997155904,5
Kaliningrad,54.70000612300,20.49734289420,43
Bryansk,53.25999066070,34.42998083370,12
Tver,56.85997763990,35.88999507520,29
Yaroslavl,57.61998292960,39.87001053750,41
Rostov,47.23464784660,39.71265580120,16
Krasnodar,45.01997682600,39.00003779980,52
Penza,53.18002138170,44.99998164750,54
Ryazan,54.61995932930,39.71999385450,97
Voronezh,51.72998069160,39.26999548210,55
Magnitogorsk,53.42269390780,58.98000687540,60
Chelyabinsk,55.15499127110,61.43866817100,68
Kirov,58.59005291660,49.66998083370,79
Astrakhan,46.34865541490,48.05498897180,30
Orenburg,51.77997763990,55.11001053750,17
Saratov,51.57998984690,46.02999629600,39
Ulyanovsk,54.32997702950,48.41000606160,9
Omsk,54.98998842280,73.39995357150,9
Tyumen,57.14001222650,65.52999466840,94
Novokuznetsk,53.75001242990,87.11498205460,73
Kemerovo,55.33996706050,86.08998002010,62
Daejeon,36.33554567370,127.42502803500,55
Gwangju,35.17096559550,126.91043412200,9
Busan,35.09505291650,129.01004756600,65
Zamboanga,6.91997682589,122.08003129000,82
Baguio City,16.42999066060,120.56994258500,23
General Santos,6.11082724906,125.17472611400,92
Khabarovsk,48.45498679510,135.12001053800,81
Mexicali,32.64998252260,-115.48001611500,46
Torreon,25.57005291650,-103.42000289100,94
Culiacan,24.82999472960,-107.37996789700,78
Hermosillo,29.09888144840,-110.95406498400,49
San Luis Potosi,22.16997621560,-100.99999556700,36
Matamoros,25.87998231910,-97.50000248390,88
Oaxaca,17.08268983860,-96.66994979020,78
Leon,21.14998679500,-101.70003035700,75
Maiduguri,11.84996014300,13.16001297880,4
Port Harcourt,4.81000225720,7.01000077173,28
Ibadan,7.38002626437,3.92998205427,28
Ogbomosho,8.13000632622,4.23998897158,100
Warri,5.51995892224,5.75999955102,82
Kaduna,10.52001548150,7.44000036483,87
Gdansk,54.35997519850,18.64004024120,67
Krakow,50.05997926750,19.96001135120,60
Mwanza,-2.52001544303,32.93002071000,16
Florence,43.78000083320,11.25000036480,83
Catania,37.49997072250,15.07999914420,99
Pristina,42.66670961410,21.16598425160,24
Banda Aceh,5.54998292940,95.32001094460,91
George Town,5.41361315558,100.32936786700,91
Wuwei,37.92800661120,102.64101110700,95
Tianshui,34.60001853340,105.91998408900,52
Yulin,22.62997397760,110.15001013100,45
Wuzhou,23.48002545060,111.32001623400,4
Lupanshui,26.59443483380,104.83333207100,16
Quanzhou,24.90001629540,118.57998653100,26
Hefei,31.85003135070,117.28001420000,26
Suzhou,33.63611110000,116.97888890000,7
Zhanjiang,21.19998374330,110.38002193100,6
Shaoguan,24.79997072240,113.57998164800,70
Balikpapan,-1.25001544302,116.83001582800,99
Kuching,1.52996990855,110.32999914500,82
Surakarta,-7.56497882195,110.82500768900,18
Bandar Lampung,-5.43001869825,105.26999792400,34
Malang,-7.97999224969,112.61001501400,70
Santiago de Cuba,20.02501670220,-75.82132572600,95
Santiago,19.50000998840,-70.67001224940,8
Barranquilla,10.95998862600,-74.79996688000,72
Suez,30.00497601220,32.54994055050,22
Bur Said,31.25998984680,32.29000809600,35
Asyut,27.18997987770,31.17994665400,71
Kisangani,0.52000571584,25.22000036490,3
Djibouti,11.59501446430,43.14800166710,21
Dresden,51.04997051910,13.75000280630,37
Yining,43.90001934720,81.35001094450,63
Ankang,32.67998069160,109.02000158600,36
Yueyang,29.38005291650,113.10001094500,19
Hengyang,26.88002463680,112.59001623400,60
Mianyang,31.46997702940,104.76997676500,59
Baoshan,25.11997702940,99.15000972390,9
Shijianzhuang,38.05001466780,114.47997839300,50
Handan,36.57997519840,114.47997839300,53
Anshan,41.11502138170,122.94003047600,60
Dalian,38.92283839320,121.62983083800,94
Qingdao,36.08997926740,120.33000891000,56
Linyi,35.07998923650,118.32997595100,75
Huaiyin,33.58000327460,119.02998490300,19
Wenzhou,28.01998089500,120.65009273200,81
Ningbo,29.87997072250,121.55003780000,80
Fukuoka,33.59501527810,130.41001379300,24
Naha,26.20717165020,127.67297155700,50
Tongliao,43.61995892240,122.26999385500,79
Hohhot,40.81997479150,111.65999548200,5
Chifeng,42.27001548160,118.94998978600,67
Jiamusi,46.83002138170,130.35001745500,12
Daqing,46.57995912590,125.00000809600,74
Jixi,45.29995973620,130.97003129000,61
Nagoya,35.15499757800,136.91499141400,19
Nagano,36.64999676420,138.17000524800,45
Kyoto,35.02999228820,135.74999792400,82
Sendai,38.28710613920,141.02171748800,53
Kananga,-5.89004229851,22.40001745470,15
Mbuji-Mayi,-6.15002642937,23.59999588900,85
Blantyre,-15.79000649130,34.98994665400,73
Quetzaltenango,14.82995912570,-91.52000573910,51
Faridabad,28.43333330000,77.31666670000,46
Srinagar,34.09997153630,74.81500931690,9
Vijayawada,16.51995932920,80.63000321340,69
Thiruvananthapuram,8.49998374321,76.95002111710,5
Kochi,10.01500754690,76.22391556690,67
Cuttack,20.47000246070,85.88994055070,77
Hubli,15.35997845350,75.12501623420,55
Mangalore,12.90002524710,74.84999426160,19
Mysore,12.30998374320,76.66001297900,36
Gulbarga,17.34996034640,76.82000321340,48
Kolhapur,16.70000001930,74.22000687550,74
Nanded,19.16997845350,77.30002559300,10
Akola,20.70998781230,77.01001745490,66
Guwahati,26.16001690570,91.76999507540,54
Bordeaux,44.85001304020,-0.59501306294,90
Marseille,43.28997906400,5.37501013044,89
Skopje,42.00000612290,21.43346146510,3
Kirkuk,35.47223919580,44.39226680380,67
Mosul,36.34500246080,43.14500443400,93
An Najaf,32.00033225410,44.33537105180,69
Yazd,31.92005291650,54.37000402710,78
Ahvaz,31.27998862610,48.72001297890,65
Basra,30.51352378240,47.81355668010,28
Bandar-e-Abbas,27.20405978220,56.27213554360,96
Hamadan,34.79602724100,48.51501257200,9
Tabriz,38.08629152330,46.30124588910,10
Ludhiana,30.92776206360,75.87225744520,48
Kota,25.17999920550,75.83499873750,23
Jodhpur,26.29176596980,73.01677282600,93
Shymkent,42.32001242990,69.59501786180,20
Lucknow,26.85503908180,80.91499873750,73
Saharanpur,29.97001690570,77.55003617240,38
Ranchi,23.37000632630,85.33002640680,28
Raipur,21.23499452610,81.63500646860,41
Jabalpur,23.17505698550,79.95505733130,43
Indore,22.71505922340,75.86502274470,94
Salem,11.66999696750,78.18007523490,17
Tiruchirappalli,10.80999778130,78.68996659230,96
Pointe-Noire,-4.77000730502,11.88003942730,12
Bouake,7.68998150526,-5.03001367331,53
Sao Luis,-2.51598468131,-44.26599084630,43
Belo Horizonte,-19.91502602250,-43.91500451820,85
Uberlandia,-18.89999753940,-48.27998356280,62
Cuiaba,-15.56960650750,-56.08498519040,8
Teresina,-5.09500038770,-42.78000919750,38
Maceio,-9.61999550490,-35.72997440750,50
Vila Velha,-20.36760821650,-40.31798893390,95
Natal,-5.78002317416,-35.24000431470,39
San Juan,-31.55002642950,-68.51998844570,16
Salta,-24.78335935590,-65.41663781910,87
San Miguel de Tucuman,-26.81600014360,-65.21662418790,7
Santa Fe,-31.62387205120,-60.69000126310,93
Rosario,-32.95112953820,-60.66630761880,52
Campinas,-22.90001178100,-47.10002974610,34
Sorocaba,-23.49000160850,-47.46998132480,88
Ribeirao Preto,-21.17003985720,-47.82998519040,60
Bamenda,5.95998374320,10.15001582710,43
Garoua,9.30001242974,13.39002477890,35
Herat,34.33000917460,62.16999304080,82
Mazar-e Sharif,36.69999371240,67.10002803430,35
Annaba,36.92000612290,7.75998083358,54
Constantine,36.35998862610,6.59994828149,54
Khulna,22.83998699850,89.56000077210,72
Gold Coast,-28.08150429400,153.44824580800,81
Rajshahi,24.37498374330,88.60502030330,94
Mandalay,21.96998842260,96.08502884830,14
Port Louis,-20.16663857140,57.49999385460,73
Gaza,31.52999920550,34.44501867550,10
Manama,26.23613629050,50.58305171590,10
Taichung,24.15207745260,120.68166703200,84
Kozhikode,11.25043601370,75.76998978570,62
Bhubaneshwar,20.27042807920,85.82736039120,52
Jamshedpur,22.78753541970,86.19751867570,68
Montevideo,-34.85804156620,-56.17105228840,23
San Jose,37.29998292950,-121.84998905600,58
Sacramento,38.57502138170,-121.47003808800,4
Las Vegas,36.20999778140,-115.22000614600,72
Portland,45.52002382310,-122.67999007400,53
Salt Lake City,40.77501629540,-111.93005192200,42
Omaha,41.24000083320,-96.00999007340,87
Oklahoma City,35.47004294740,-97.51868351420,39
San Antonio,29.48733318990,-98.50730534040,48
San Cristobal,7.77000246066,-72.24996749030,80
Valencia,10.22998150530,-67.98002140470,90
Raleigh,35.81878135070,-78.64469344250,81
Cleveland,41.46998679510,-81.69499821140,67
Cincinnati,39.16188478500,-84.45692264990,49
Nashville,36.16997438460,-86.77998498710,23
Memphis,35.11998679510,-89.99999515970,100
Norfolk,36.84995871890,-76.28000573900,30
Milwaukee,43.05265504870,-87.91996708350,57
Buffalo,42.87997825020,-78.88000207690,54
Pittsburgh,40.42999859520,-79.99998539400,83
Ciudad Guayana,8.37001751600,-62.61998681810,28
Lome,6.13193707166,1.22275711936,33
Tunis,36.80277813620,10.17967809920,76
Abu Dhabi,24.46668357240,54.36659338260,41
Ashgabat,37.94999493310,58.38329911180,6
Samarqand,39.67001914370,66.94499873750,85
Lusaka,-15.41664426790,28.28332759470,50
Harare,-17.81778969440,31.04470943070,89
Bulawayo,-20.16999753950,28.58000199250,46
Tegucigalpa,14.10204490050,-87.21752933930,101
Port-au-Prince,18.54102459610,-72.33603458830,56
Glasgow,55.87440472320,-4.25070723613,68
Kampala,0.31665895477,32.58332352570,58
Aden,12.77972251280,45.00949011110,59
Seville,37.40501527820,-5.98000736635,39
Niamey,13.51670595190,2.11665604514,10
Port Sudan,19.61579103490,37.21642573930,100
Dushanbe,38.56003521630,68.77387935270,25
Trujillo,-8.12003538120,-79.01996769380,48
Asuncion,-25.29640297570,-57.64150516930,48
Managua,12.15301658010,-86.26849166030,4
Freetown,8.47001141249,-13.23421574040,37
Kassala,15.45997235000,36.39001623410,28
Islamabad,33.69999595030,73.16663447970,69
Multan,30.19997702940,71.45500768930,84
Hyderabad,25.37998699850,68.37498897180,50
Peshawar,34.00501609190,71.53500280650,69
Kathmandu,27.71669191390,85.31664221080,13
Bloemfontein,-29.11999387740,26.22991288120,6
Pretoria,-25.70692055380,28.22942907580,21
Panama City,8.96801719048,-79.53303715180,95
Fez,34.05459962870,-5.00037723939,34
Rabat,34.02529909160,-6.83613082013,54
Marrakesh,31.62999310200,-7.99998742820,69
Chisinau,47.00502361970,28.85771113970,74
Beira,-19.82004474000,34.87000565460,59
Port Elizabeth,-33.97003375370,25.60002884800,54
Maputo,-25.95527748740,32.58916296260,23
Tomsk,56.49498699860,84.97500931700,47
Nizhny Novgorod,56.33300722160,44.00009435910,99
Volgograd,48.71000998850,44.49996048870,23
Ufa,54.78997479160,56.04003128950,1
Yekaterinburg,56.85002992670,60.59995967490,66
Samara,53.19500754710,50.15129512410,80
Kazan,55.74994203600,49.12634476600,59
Barnaul,53.35499778150,83.74500687550,4
Novosibirsk,55.02996014310,82.96004186900,89
Mogadishu,2.06668133433,45.36667761110,59
Muscat,23.61332480770,58.59331213260,28
Cebu,10.31997601210,123.90007523500,36
Davao,7.11001690564,125.62999548200,5
Irkutsk,52.31997051910,104.24504756600,31
Krasnoyarsk,56.01398276680,92.86600052790,71
Vladivostok,43.13001466780,131.91002559300,32
Tijuana,32.50001751610,-117.07999597400,100
Chihuahua,28.64498150530,-106.08498234200,54
Tampico,22.30001995750,-97.87000573910,81
Acapulco,16.84999086400,-99.91597904640,68
Veracruz,19.17734234510,-96.15998091810,66
Tuxtla Gutierrez,16.74999696750,-93.15000960470,87
Cancun,21.16995973610,-86.83000777360,88
Merida,20.96663881330,-89.61663354670,60
Enugu,6.45003135063,7.49999670272,19
Sokoto,13.06001548150,5.24003128930,41
Perm,57.99995973630,56.24999263390,28
Ulaanbaatar,47.91667339990,106.91661576200,92
Zanzibar,-6.15999998080,39.20002559280,98
Valencia,39.48501751610,-0.40001204569,81
Abuja,9.08333314914,7.53332800155,14
Padang,-0.96000730500,100.36001338600,44
Bissau,11.86502382300,-15.59836084130,79
Palermo,38.12502300930,13.35002722030,36
Amman,31.95002524720,35.93329992550,44
Vilnius,54.68336631180,25.31663529330,45
Riga,56.95002382320,24.09996537140,15
Bishkek,42.87307944650,74.58520422250,3
Xining,36.61999859520,101.77000484100,48
Guilin,25.27999310200,110.28002803500,3
Huainan,32.62998374330,116.97998083400,61
Shantou,23.37000632630,116.67002559300,76
Mombasa,-4.04002602246,39.68991817090,37
Antananarivo,-18.91663735060,47.51662390010,65
Semarang,-6.96661741245,110.42001949000,6
Palembang,-2.98003904329,104.75002966200,8
Bandjarmasin,-3.32999184277,114.58007564200,96
Ujungpandang,-5.13995888379,119.43202754600,4
Lyon,45.77000856430,4.83003047549,61
Quito,-0.21498818065,-78.50005110850,77
San Jose,9.93501242974,-84.08405135270,71
San Salvador,13.71000164690,-89.20304122080,26
Kingston,17.97707662380,-76.76743371370,62
Cartagena,10.39973858530,-75.51439355640,58
Ndjamena,12.11309653620,15.04914831410,85
Luxor,25.70001914370,32.65003779980,81
Asmara,15.33333925270,38.93332352580,98
Zagreb,45.80000673330,15.99999466820,12
Kashi,39.47633587550,75.96992590220,72
Yinchuan,38.46797365220,106.27303747500,95
Pingxiang,27.62000530900,113.85004268300,93
Nagasaki,32.76498842270,129.88503291700,85
Qiqihar,47.34497702950,123.98999222700,38
Kikwit,-5.03004311231,18.85000158560,71
Kolwezi,-10.71672442740,25.47243973660,20
Lubumbashi,-11.68002480180,27.48001745480,81
Lilongwe,-13.98329506550,33.78330196000,15
Guatemala,14.62113466280,-90.52696557790,34
Libreville,0.38538860972,9.45796504582,83
Vishakhapatnam,17.73001466770,83.30498205460,62
Valparaiso,-33.04776446660,-71.62101363290,35
Concepcion,-36.83001422250,-73.05002201510,43
Nouakchott,18.08642702120,-15.97534041490,36
Bamako,12.65001466770,-8.00003910464,71
Banghazi,32.11673341780,20.06672318390,7
Thessaloniki,40.69610638330,22.88500077180,41
Beirut,33.87197511700,35.50970821000,78
Tbilisi,41.72500998850,44.79079544960,2
Qaraghandy,49.88497702950,73.11500972380,45
Almaty,43.32498984690,76.91503617240,38
Isfahan,32.70000530910,51.70003779990,78
Shiraz,29.62996014300,52.57001053750,15
Amritsar,31.63999249170,74.86999304090,64
Varanasi,25.32999005020,83.00003942760,40
Asansol,23.68333330000,86.98333330000,71
Bhilai,21.21666670000,81.43333330000,48
Bhopal,23.24998781230,77.40999304090,19
Madurai,9.92002626438,78.12002722060,68
Coimbatore,10.99996034640,76.95002111710,59
Vientiane,17.96669272760,102.59998002000,90
Brazzaville,-4.25918577181,15.28468949250,62
Conakry,9.53152284641,-13.68023502750,51
Quebec,46.83996909490,-71.24561019050,74
Manaus,-3.10003171907,-60.00001753910,99
Campo Grande,-20.45003212600,-54.61662520510,21
Florianopolis,-27.57998451860,-48.52002059080,93
Feira de Santana,-12.25001585000,-38.97000919750,80
Winnipeg,49.88298748690,-97.16599186380,35
Calgary,51.08299175930,-114.07999821200,25
Macapa,0.03300701792,-51.05002120120,62
Ottawa,45.41669679670,-75.70001530120,96
Belgrade,44.81864544580,20.46799068060,59
Mendoza,-32.88333005900,-68.81661116710,4
Mar del Plata,-38.00002032600,-57.57998437660,31
Cordoba,-31.39995807010,-64.18229455730,30
Bangui,4.36664430635,18.55828812530,10
Yaounde,3.86670066214,11.51665075550,71
Tirana,41.32754070950,19.81888301460,7
Yerevan,40.18115073550,44.51355139040,11
Baku,40.39527203270,49.86221716190,15
Kandahar,31.61002016100,65.69494584030,44
Phnom Penh,11.55003012990,104.91663448000,89
Huambo,-12.74998533240,15.76000931670,28
La Paz,-16.49797361370,-68.14998519050,7
Santa Cruz,-17.75391762410,-63.22599633960,28
Oran,35.71000246080,-0.61997277974,99
Cotonou,6.40000856417,2.51999059918,53
Sofia,42.68334942530,23.31665401070,46
Minsk,53.89997743640,27.56662715530,66
Newcastle,-32.84534788130,151.81501216600,11
Adelaide,-34.93498777390,138.60000484100,35
Brisbane,-27.45503090540,153.03509273200,27
Ouagadougou,12.37031597790,-1.52472375630,61
Sarajevo,43.85002239900,18.38300166700,8
Naypyidaw,19.76655702610,96.11861852920,25
San Juan,18.44002300920,-66.12997929040,81
Hargeysa,9.56002239882,44.06531001670,100
Jerusalem,31.77840781560,35.20662593460,4
Kaohsiung,22.63330710750,120.26660192800,14
Shenzhen,22.55237051110,114.12212308800,24
Zibo,36.79998760890,118.04999304100,65
Minneapolis,44.97997926740,-93.25178633810,9
Honolulu,21.30687644350,-157.85799788600,83
Seattle,47.57000205390,-122.33998498700,68
Phoenix,33.53997987780,-112.06999170100,39
San Diego,32.82002382310,-117.17998987000,11
St. Louis,38.63501771960,-90.23998051120,76
New Orleans,29.99500246070,-90.03996688000,9
Dallas,32.82002382310,-96.84001692890,17
Maracaibo,10.72997682590,-71.65997766280,87
Boston,42.32996014310,-71.07001367360,23
Tampa,27.94698793440,-82.45862085140,60
Philadelphia,39.99997316390,-75.16999597340,75
Detroit,42.32996014310,-83.08005578790,50
Hanoi,21.03332724910,105.85001420000,66
Ho Chi Minh City,10.78002545060,106.69502722100,1
Ankara,39.92723858550,32.86439164100,47
Budapest,47.50000632640,19.08332067740,18
Sanaa,15.35473329570,44.20659338260,46
Barcelona,41.38329957990,2.18337031923,12
Bucharest,44.43337180490,26.09994665400,28
Aleppo,36.22997072250,37.17002030310,81
Damascus,33.50003399560,36.29999588900,38
Zurich,47.37998781240,8.55001013046,88
Lisbon,38.72272287790,-9.14486630549,88
Khartoum,15.58807822570,32.53417923860,62
Jeddah,21.51688946430,39.21919754920,68
Makkah,21.43002138160,39.82003942750,87
Oslo,59.91669028640,10.74997920600,64
Lahore,31.55997153630,74.35002477920,82
Karachi,24.86999228820,66.99000891000,10
Durban,-29.86501300170,30.98001053740,28
St. Petersburg,59.93901450510,30.31602005890,90
Guadalajara,20.67001609190,-103.33003422200,92
Puebla,19.04995993950,-98.20003727390,95
Kano,11.99997682590,8.52003779973,27
Warsaw,52.25000062980,20.99999955110,3
Pyongyang,39.01943869940,125.75469071400,70
Dar es Salaam,-6.80001259474,39.26834183630,35
Medan,3.57997397757,98.65004024150,19
Dublin,53.33306113600,-6.24890568178,56
Monrovia,6.31055665987,-10.80475162910,57
Naples,40.84002524730,14.24501135120,78
Milan,45.46997519840,9.20500890976,30
Kuala Lumpur,3.16666587210,101.69998327500,6
Lanzhou,36.05602785140,103.79200028400,42
Nanning,22.81998821920,108.32004431100,30
Guiyang,26.58004294740,106.72003861400,52
Chongqing,29.56497702940,106.59498164800,59
Fuzhou,26.07999595030,119.30004593800,76
Guangzhou,23.14498130190,113.32501013100,63
Dongguan,23.04888890000,113.74472220000,86
Bandung,-6.95002927768,107.57001257200,55
Surabaya,-7.24923582065,112.75083329200,100
Guayaquil,-2.22003375357,-79.92004195320,74
Medellin,6.27500327446,-75.57501001150,42
Cali,3.39995912568,-76.49996647310,61
Havana,23.13195884090,-82.36418217130,41
Alexandria,31.20001934710,29.94999588900,28
Frankfurt,50.09997682610,8.67501542017,25
Hamburg,53.55002463690,9.99999914413,21
Munich,48.12994203600,11.57499344750,38
Prague,50.08333701490,14.46597977570,52
Kuwait,29.36971763000,47.97830114620,10
Xian,34.27502545070,108.89499629600,29
Taiyuan,37.87501242990,112.54505773800,45
Wuhan,30.58003135070,114.27001704800,36
Changsha,28.19996990870,112.96999304100,31
Kunming,25.06998008120,102.67997513700,14
Zhengzhou,34.75499615380,113.66509273200,71
Shenyeng,41.80497926740,123.44997351000,48
Jinan,36.67498231920,116.99501867600,69
Tianjin,39.13002626450,117.20001908300,27
Nanchang,28.67999228820,115.87999629600,25
Nanjing,32.05001914370,118.77997432400,98
Hangzhou,30.24997397770,120.17001867600,32
Hiroshima,34.38783510240,132.44291296300,67
Changchun,43.86500856430,125.33998734400,27
Baotou,40.65220725410,109.82201981500,83
Harbin,45.74998394680,126.64998490300,25
Sapporo,43.07497926740,141.34004431100,2
Santo Domingo,18.47007285460,-69.90008508470,46
Accra,5.55003460583,-0.21671574035,10
Delhi,28.66999289860,77.23000402720,56
Hyderabad,17.39998313290,78.47995357150,45
Pune,18.53001751600,73.85000362030,83
Nagpur,21.16995973610,79.08999385470,97
Tripoli,32.89250001940,13.18001175810,5
Tel Aviv-Yafo,32.07999147440,34.77001175820,23
Helsinki,60.17556337400,24.93412634150,25
Mashhad,36.27001995750,59.56999670290,29
Jaipur,26.92113323870,75.80998734430,43
Kanpur,26.45999859520,80.31999629610,61
Patna,25.62495912580,85.13003861380,79
Chennai,13.08998781220,80.27999873750,52
Ahmedabad,23.03005291640,72.58000362030,89
Surat,21.19998374330,72.84003942760,24
Kobenhavn,55.67856419040,12.56348574730,88
Abidjan,5.31999696749,-4.04004825989,19
Belem,-1.45000323599,-48.48002303220,37
Brasilia,-15.78334023150,-47.91605228840,58
Porto Alegre,-30.05001462930,-51.20001204590,66
Curitiba,-25.42001300170,-49.31999760090,6
Fortaleza,-3.75001788444,-38.57998132480,84
Salvador,-12.96997190470,-38.47998742830,91
Edmonton,53.55002463690,-113.49998193500,3
Montreal,45.49999920560,-73.58329695810,15
Goiania,-16.72002724320,-49.30002465980,56
Recife,-8.07564532586,-34.91560551100,29
Brussels,50.83331707670,4.33331660830,97
Dhaka,23.72305971170,90.40857946670,80
Luanda,-8.83828611363,13.23442704130,30
Algiers,36.76306479800,3.05055252952,42
Chittagong,22.32999228820,91.79996740620,89
Perth,-31.95501462930,115.83999873800,85
Rangoon,16.78335410460,96.16667761130,86
San Francisco,37.74000775050,-122.45997766300,71
Denver,39.73918804840,-104.98401595200,81
Houston,29.81997438460,-95.33997929050,90
Miami,25.78761069640,-80.22410608080,93
Atlanta,33.83001385400,-84.39994938330,5
Chicago,41.82999066070,-87.75005497410,18
Caracas,10.50099855440,-66.91703719240,35
Kiev,50.43336732900,30.51662796910,65
Dubai,25.22999615380,55.27997432340,96
Tashkent,41.31170188300,69.29493281950,86
Madrid,40.40002626450,-3.68335168600,54
Geneva,46.21000754710,6.14002803409,19
Stockholm,59.35075995430,18.09733473280,73
Bangkok,13.74999920550,100.51664465200,72
Lima,-12.04801267610,-77.05006209480,55
Dakar,14.71583172500,-17.47313012840,30
Johannesburg,-26.17004474000,28.03000972360,37
Amsterdam,52.34996868810,4.91664017601,60
Casablanca,33.59997621560,-7.61636743309,12
Seoul,37.56634909980,126.99973099700,27
Manila,14.60415895480,120.98221716200,62
Monterrey,25.66999513650,-100.32998478400,26
Berlin,52.52181866360,13.40154862330,82
Urumqi,43.80501222640,87.57500565490,89
Chengdu,30.67000001930,104.07001949000,21
Osaka,34.75003521630,135.46014481500,61
Kinshasa,-4.32972410189,15.31497188180,18
Bangalore,12.96999513650,77.56000972380,62
Athens,37.98332623190,23.73332108430,49
Baghdad,33.33864849750,44.39386877320,2
Addis Ababa,9.03331036268,38.70000443400,47
Tehran,35.67194276840,51.42434403360,19
Vancouver,49.27341658410,-123.12164421800,81
Toronto,43.69997987780,-79.42002079440,36
Buenos Aires,-34.60250160850,-58.39753137370,10
Kabul,34.51669028630,69.18326004930,85
Vienna,48.20001527820,16.36663895540,53
Melbourne,-37.82003131230,144.97501623500,44
Taipei,25.03583333333,121.56833333333,49
Los Angeles,33.98997825020,-118.17998051100,48
"Washington, D.C.",38.89954937650,-77.00941858080,29
New York,40.74997906400,-73.98001692880,2
London,51.49999472970,-0.11672184386,66
Istanbul,41.10499615380,29.01000158560,1
Riyadh,24.64083314920,46.77274165730,72
Cape Town,-33.92001096720,18.43498815780,21
Moscow,55.75216412260,37.61552282590,30
Mexico City,19.44244244280,-99.13098820170,8
Lagos,6.44326165348,3.39153107121,80
Rome,41.89595562650,12.48325842150,41
Beijing,39.92889223130,116.38828568400,34
Nairobi,-1.28334674185,36.81665685910,40
Jakarta,-6.17441770541,106.82943762100,65
Bogota,4.59642356253,-74.08334395520,15
Cairo,30.04996034650,31.24996821970,28
Shanghai,31.21645245260,121.43650467800,86
Tokyo,35.68501690580,139.75140742900,74
Mumbai,19.01699037570,72.85698929740,45
Paris,48.86669293120,2.33333532574,47
Santiago,-33.45001381550,-70.66704085460,22
Kolkata,22.49496929830,88.32467565810,46
Rio de Janeiro,-22.92502317420,-43.22502079420,93
Sao Paulo,-23.55867958700,-46.62501998040,40
Sydney,-33.92001096720,151.18517980900,27
Singapore,1.29303346649,103.85582067800,28
Hong Kong,22.30498089500,114.18500931700,49
Auckland,-36.84805489493,174.76302698708,11
